 url,relevance,start_year,end_year,policy_name,local_government,state,code,excluded,number,declared
https://www.armidaleregional.nsw.gov.au/ArticleDocuments/1136/AI%202021%2002335%20%20CEWG%20Report%20-%2026oct2020-V5-1.pdf.aspx,1,2020,,A Framework for Climate Action,Armidale Regional Council,NSW,Armidale,,1,23/10/19
https://www.bellingen.nsw.gov.au/files/assets/public/files/climate-action-plan-draft.pdf,1,2022,,"Community Climate Action Plan – Draft 
April 2022
",Bellingen Shire Council,NSW,Bellingen,,2,27/03/19
https://www.bellingen.nsw.gov.au/files/assets/public/files/environment/adopted-corporate-carbon-plan-final.pdf,1,2020,2030,"Bellingen Shire Climate Emergency Program
 2020 – 2030",Bellingen Shire Council,NSW,Bellingen ,,3,27/03/19
https://www.blacktown.nsw.gov.au/files/assets/public/about-us/blacktown-city-council-responding-to-climate-change-strategy-2.pdf,1,2018,,Responding to climate change strategy,Blacktown City Council,NSW,Blacktown ,,4,26/02/20
https://www.blacktown.nsw.gov.au/files/assets/public/about-us/blacktown-city-council-responding-to-climate-change-policy.pdf,1,2020,,Responding to climate change,Blacktown City Council,NSW,Blacktown ,,5,26/02/20
https://www.brokenhill.nsw.gov.au/files/assets/public/documents/strategies-and-other-documents/renewable-energy-action-plan.pdf,1,2021,,Renewable Energy Action Plan,Broken Hill City Council,NSW,Broken ,,6,25/09/19
https://www.cabonne.nsw.gov.au/files/sharedassets/public/environment/new-folder/cabonne-council-renewable-energy-action-plan-march-2020.pdf,1,2019,,Renewable Energy Action Plan,Cabonne Council,NSW,Cabonne ,,7,
https://cdn.centralcoast.nsw.gov.au/sites/default/files/Council/Meetings_and_minutes/attachment1climatechangepolicydraft-v15.pdf,1,2018,,CLIMATE CHANGE POLICY,Central Coast Council,NSW,Central ,,8,26/08/19
https://www.cessnock.nsw.gov.au/files/assets/public/hptrim/website-public-exhibition-documents-do-not-change/draft-climate-change-policy-website/57-2019-3-_-draft-climate-change-policy-_-public-exhibition-draft-_-26-02-2020-05-03-2020-website-doc.pdf,1,2020,,"Cessnock City Council
Climate Change Policy",Cessnock City Council,NSW,Cessnock ,,9,
https://www.cessnock.nsw.gov.au/files/assets/public/hptrim/website-community-information-do-not-change/carbon-management-and-energy-reduction-_-strategy-_-adopted-_-ccc-website-doc.pdf,1,2015,,"Carbon Management and
Energy Reduction Plan",Cessnock City Council,NSW,Cessnock ,,10,
https://www.clarence.nsw.gov.au/files/assets/public/council/files/strategies-adopted/100-renewables-report.pdf,1,2018,,"Greenhouse Gas Emissions reduction and Renewable 
Energy targets",Clarence Valley Council,NSW,Clarence ,,11,23/04/19
https://www.clarence.nsw.gov.au/files/assets/public/council/files/strategies-adopted/clarence-valley-community-energy-and-emissions-reduction-strategy-july-2021-002_1.pdf,1,2021,,COMMUNITY ENERGY AND EMISSIONS REDUCTION STRATEGY,Clarence Valley Council,NSW,Clarence ,,12,23/04/19
https://www.ccc.tas.gov.au/wp-content/uploads/2018/10/Climate-change-impacts-on-Clarence-coastal-areas-Final-Report-April-2009.pdf,1,2008,,Climate Change Impacts On Clarence Coastal Areas,Clarence Valley Council,NSW,Clarence ,,13,23/04/19
https://www.cityofparramatta.nsw.gov.au/sites/council/files/2017-01/Climate%20Action%20Plan%20-%20Principles.pdf,1,2006,2011,Climate Action Plan Principles and Policy Directives,Council of the City of Parramatta,NSW,Parramatta,,14,
https://www.cityofparramatta.nsw.gov.au/sites/council/files/2019-04/Environmental%20Sustainability%20Strategy%202017v2.pdf,1,2017,,Environmental Sustainability Strategy 2017 A GREAT CITY GROWS BETTER EVERY DAY,Council of the City of Parramatta ,NSW,Parramatta,,15,
https://www.cityofsydney.nsw.gov.au/-/media/corporate/files/2020-07-migrated/files_2/2016-022571-adapting-to-climate-change-accessible.pdf?download=true,1,2015,2070,Adapting for Climate Change A long term strategy for the City of Sydney,Council of the City of Sydney,NSW,Sydney,,16,24/06/19
https://www.cityofsydney.nsw.gov.au/-/media/corporate/files/publications/strategies-action-plans/environmental-strategy-2021-2025.pdf?download=true,1,2021,2025,Environmental Strategy 2021-2025 (Draft),Council of the City of Sydney,NSW,Sydney,,17,24/06/19
https://www.dubbo.nsw.gov.au/ArticleDocuments/290/6%20-%20Environmental%20sustainability.pdf.aspx?Embed=Y,1,,,Community Strategic Plan - 6. Environmental Sustainability,Dubbo Regional Council,NSW,Dubbo ,,18,
https://www.dubbo.nsw.gov.au/ArticleDocuments/10525/ADOPTED%20DRC%20ENERGY%20STRATEGY%20and%20IMPLEMENTATION%20PLAN%202020%20to%202025%20-%20ADOPTED%20240220.pdf.aspx?Embed=Y,1,2020,2025,Energy Strategy & Implementation Plan,Dubbo Regional Council,NSW,Dubbo ,,19,
https://www.esc.nsw.gov.au/__data/assets/pdf_file/0005/212972/Eurobodalla-Climate-Action-Plan-In-brief.pdf,1,2022,2032,Eurobodalla Climate Action Plan 2022-2032,Eurobodalla Shire Council,NSW,Eurobodalla ,,20,
https://www.esc.nsw.gov.au/__data/assets/pdf_file/0015/213315/Eurobodalla-Climate-Action-Plan-2022-32.pdf,1,2022,2032,DRAFT Eurobodalla Climate Action Plan,Eurobodalla Shire Council,NSW,Eurobodalla ,not found,21,
https://www.esc.nsw.gov.au/__data/assets/pdf_file/0003/149367/Emissions-Reduction-Plan-2017-2021.pdf,1,2017,2021,Emissions Reduction Plan 2017-2021,Eurobodalla Shire Council,NSW,Eurobodalla ,,22,
https://www.gisc.nsw.gov.au/sites/gleninnes/files/public/images/documents/gisc/policies%20-%20public%20documents/Policies_2020_2021/Renewable%20Energy%20Action%20Plan.pdf,1,2020,,Renewable Energy Action Plan,Glen Innes Severn Council,NSW,GlenInnes,,23,26/09/19
https://www.midcoast.nsw.gov.au/files/assets/public/document-resources/plan-amp-build/future-planning/gloucester-region/gsc-gloucester_climate-change-risk-assessment-adaptation-plan-final.pdf,1,2010,,Climate Change Risk Assessment and Adaptation Plan,Gloucester Shire Council,NSW,Gloucester,,24,
https://www.goulburn.nsw.gov.au/files/content/public/council/integrated-planning-reporting/climate-change-assessment-and-adaption-report.pdf,1,2020,,CLIMATE CHANGE ASSESSMENT AND ADAPTATION PLANNING,Goulburn Mulwaree Council,NSW,Goulburn ,,25,
https://www.hawkesbury.nsw.gov.au/__data/assets/pdf_file/0011/178274/Adopted-Hawkesbury-City-Council-Net-Zero-Emissions-and-Water-Efficiency-Strategy-2021.pdf,1,2021,,Net Zero Emissions and Water efficiency strategy,Hawkesbury City Council,NSW,Hawkesbury ,,26,12/03/19
https://www.innerwest.nsw.gov.au/ArticleDocuments/12126/Inner%20West%20Council%20Climate%20and%20Renewables%20Strategy.pdf.aspx,1,2019,,"Climate +
Renewables
Strategy",Inner West Council,NSW,InnerWest,,27,14/05/19
https://inverell.nsw.gov.au/wp-content/uploads/2020/03/ISC_Environmental_Sustainability_Plan.pdf,1,2018,,Environmental Sustainability Plan,Inverell Shire Council,NSW,Inverell ,,28,
https://www.krg.nsw.gov.au/files/assets/public/hptrim/information-management-publications-public-website-ku-ring-gai-council-website-environment/towards-zero-emissions-2030-action-plan.pdf,1,2020,2030,Towards Zero Admissions 2030 Action Plan,Ku-ring-gai Council,NSW,Kuringgai ,,29,
https://www.krg.nsw.gov.au/files/assets/public/hptrim/information-management-publications-public-website-ku-ring-gai-council-website-environment/climate_change_policy_29_07_2020-[2021103585].pdf,1,2020,,Climate Change Policy,Ku-ring-gai Council,NSW,Kuringgai ,,30,
https://www.krg.nsw.gov.au/files/assets/public/hptrim/information-management-publications-public-website-ku-ring-gai-council-website-sustainability/climate-wise-communities-resource-manual.pdf,1,2020,,Climate Wise Communities Resource Manual,Ku-ring-gai Council,NSW,Kuringgai ,,31,
https://www.kyogle.nsw.gov.au/wp-content/uploads/2019/06/Sustainable-Councils-Communities-Action-Plan_Kyogle-Council-Adopted-June-2019.pdf,1,2019,,100% Renewables Sustainable Councils and Communities Action Plan,Kyogle Council,NSW,Kyogle ,,32,
https://www.lachlan.nsw.gov.au/f.ashx/Lachlan-Shire-Council-Energy-Sustainability-Plan-Final.pdf,1,2020,,Energy Sustainability Plan,Lachlan Shire Council,NSW,Lachlan ,,33,
https://www.leeton.nsw.gov.au/f.ashx/Council-Plans/Leeton-Shire-Council-Energy-Master-Plan.pdf,1,2021,,NSW DPIE: Sustainable Councils and Communities ENERGY MASTERPLAN,Leeton Shire Council ,NSW,Leeton ,not found,34,
https://www.midcoast.nsw.gov.au/files/assets/public/document-resources/council/plans-amp-publications/climate-action-strategy-final-report-v8.pdf,1,2021,,CLIMATE CHANGE STRATEGY: PHASE 1,Mid-coast Council,NSW,Midcoast ,deleted,35,
http://www.mosman.nsw.gov.au/sites/default/files/2021-04/200248.002.Climate.Action.Plan.01_WEB.pdf,1,2021,,Mosman Climate Action Plan - Mitigation Strategy,Mosman Municipal Council,NSW,Mosman ,,36,12/11/19
https://nambucca.nsw.gov.au/cp_content/resources/CR_Nambucca_Risk_Report_final_2011-09-20T14_32_22_800.pdf,1,2010,,Climate Change Risk Assessment: Nambucca Shire Council,Nambucca Valley Council,NSW,Nambucca ,,37,
https://cdn.narrandera.nsw.gov.au/cdn/ff/J6WleTmO_gIJuyqpZS5jMgNeH78WKDcmObc6Wv4STUc/1610407178/public/2021-01/2021-01-12_narrandera_climate_action_strategy_draft_v2.pdf,1,2020,,Climate Action Strategy (Council Operations),Narrandera Shire Council,NSW,Narrandera ,,38,
https://www.northsydney.nsw.gov.au/files/sharedassets/public/webmeetings/2021/may_24_2021_730pm/reports_to_council_24_may_2021/council_3744_24_may_2021_-_8.22_draft_north_sydney_environmental_sustainability_strategy_2030.pdf,1,2021,2024,Draft North Sydney Environmental Sustainability Strategy 2030,North Sydney Council ,NSW,NorthSydney,,39,22/07/19
https://www.northsydney.nsw.gov.au/files/99819019-a6d5-41ce-9bb5-a3ca010fcba7/GHG_Water_M_plan_2010-2015.pdf,1,2015,2020,Greenhouse Action Plan and Water Management Plan 2015-2020,North Sydney Council ,NSW,NorthSydney,,40,22/07/19
https://files.northernbeaches.nsw.gov.au/sites/default/files/documents/policies-register/environment-and-climate-change-strategy/environment-and-climate-change-strategy-and-plans/20ercc1837climatechangeactionplanv9web1.pdf,1,2020,,Climate Change Action Plan,Northern Beaches Council,NSW,NorthernBeaches,,41,27/08/19
https://files.northernbeaches.nsw.gov.au/sites/default/files/documents/policies-register/environment-and-climate-change-strategy/environment-and-climate-change-strategy-and-plans/environment-climate-change-strategy-2040.pdf,1,2020,2040,Northern Beaches Environment and Climate Change Strategy 2040,Northern Beaches Council,NSW,NorthernBeaches,,42,27/08/19
https://www.orange.nsw.gov.au/wp-content/uploads/2021/11/OCC-Climate-Change-Plan.pdf,1,2021,,Climate Change Management Plan,Orange City Council ,NSW,Orange ,,43,
https://www.orange.nsw.gov.au/wp-content/uploads/2021/02/DRAFT-Strategic-Policy-ST148-Climate-Change-2021-PDF.pdf,1,2021,,CLIMATE CHANGE,Orange City Council ,NSW,Orange ,,44,
https://www.penrithcity.nsw.gov.au/images/documents/waste-environment/sustainability/Cooling_The_City_Strategy.pdf,1,2015,,COOLING THE CITY STRATEGY,Penrith City Council,NSW,Penrith ,,45,
https://www.qprc.nsw.gov.au/files/assets/public/resources-amp-documents/plans-and-strategies/council-operations-climate-change-action-plan-updated-20-october-2021.pdf,1,2020,2030,CLIMATE CHANGE ACTION PLAN: COUNCIL OPERATIONS PLAN PERIOD: 2020 TO 2030 ,Queanbeyan-Palerang Regional Council,NSW,Queanbeyan,,46,
https://www.qprc.nsw.gov.au/files/assets/public/resources-amp-documents/plans-and-strategies/qprc-community-climate-change-action-plan-updated-20-october-2021.pdf,1,2020,2030,Climate Change Action Plan: Community,Queanbeyan-Palerang Regional Council,NSW,Queanbeyan,,47,
https://www.huntershill.nsw.gov.au/wp-content/uploads/2021/06/2021-June-Sustainability-Action-Plan-.pdf,1,2021,,Sustainability Action Plan,The Council of the Municipality of Hunters Hill,NSW,HuntersHill,,48,24/02/20
https://future.hornsby.nsw.gov.au/wp-content/uploads/2020/09/draft-Climate-Wise-Hornsby-Plan.pdf,1,2020,,Climate Wise Hornsby - Draft,The Council of the Shire of Hornsby,NSW,Hornsby,,49,
https://www.tweed.nsw.gov.au/files/assets/public/documents/environment/climate-amp-sustainability/interim-climate-change-action-plan.pdf,1,2020,2021,Interim Climate Change Action Plan,Tweed Shire Council,NSW,Tweed ,,50,
https://www.tweed.nsw.gov.au/files/assets/public/documents/council/council-policies/climate-change-management.pdf,1,2020,,Policy: Climate Change Management,Tweed Shire Council,NSW,Tweed ,,51,
https://upperhunter.nsw.gov.au/f.ashx/UHSC_EW_ClimateStrategy_DRAFT.pdf,1,,,Climate Change & Action Strategy Plan,Upper Hunter Shire Council,NSW,UpperHunter,,52,25/02/19
http://www.weddin.nsw.gov.au/Media/WeddinShireCouncil/PublicExhibition/10_RenewableEnergyActionPlan/B05_Draft%20Renewable%20Energy%20Action%20Plan.pdf,1,2021,,Renewable Energy Action Plan,Weddin Shire Council,NSW,Weddin ,not found,53,
https://wollongong.nsw.gov.au/__data/assets/pdf_file/0011/121214/Sustainable-Wollongong-2030.pdf,1,,2030,Sustainable Wollongong 2030 A Climate Healthy City Strategy,Wollongong City Council,NSW,Wollongong ,,54,12/08/19
https://www.darwin.nt.gov.au/sites/default/files/file/agendas-minutes/attachments/attachment_a_to_report_11ts0173_climate_change_action_plan_2011_to_2020.pdf,1,2011,2020,Climate Change Action Plan,Darwin City Council,NT,Darwin ,,55,30/07/19
https://wagait.nt.gov.au/wp-content/uploads/2020/09/Climate-Change-Action-Plan-2020-Final-Approved.pdf,1,2020,,Wagait Shire Action Plan for Climate Change,Wagait Shire Council,NT,Wagait ,,56,
http://www.environment.gov.au/apps/energy/ceep/ceep-roper-gulf-shire-council-final-report.pdf,1,,,The cleaner Greener challenge,Roper Gulf Regional Council,NT,RoperGulf,,57,
https://wagait.nt.gov.au/wp-content/uploads/2020/09/Climate-Change-Action-Plan-2020-Final-Approved.pdf,1,2020,,Wagait Shire Action Plan for Climate Change,Wagait Shire Council,NT,Wagait ,not found,58,
https://www.palmerston.nt.gov.au/sites/default/files/editors/City%20of%20Palmerston%20Draft%20Sustainability%20Strategy%202021.pdf,1,2021,,Sustainability Strategy 2021,City of Palmerston Council,NT,Palmerston,,59,
https://www.darwin.nt.gov.au/sites/default/files/DCC_ClimateChangeActionPlan_web.pdf,1,2011,2020,Climate Change Action Plan,City of Darwin,NT,Darwin ,,60,30/07/19
https://www.cairns.qld.gov.au/__data/assets/pdf_file/0008/472499/Consultation-Update-July-21-Cairns-Climate-Change-Strategy.pdf,1,,2030,Cairns Climate Change Strategy 2030,Cairns Regional Council,QLD,Cairns ,,61,
https://www.cairns.qld.gov.au/__data/assets/pdf_file/0010/492859/Separate-Attachment-to-Clause-No.-10-Ordinary-Meeting-24-November-2021_Draft-Climate-Change-Strategy-2030.pdf,1,2021,2030,Cairns Climate Change Strategy 2030 Draft For Consultation,Cairns Regional Council,QLD,Cairns ,,62,
https://www.mackay.qld.gov.au/__data/assets/pdf_file/0015/226104/Environmental_Sustainability_Strategy_-_Part_D_-_Action_Plan_2021-2022.pdf,1,2017,2022,Part D Environmental Sustainability Action Plan,Mackay Regional Council,QLD,Mackay ,not found,63,
https://www.mackay.qld.gov.au/__data/assets/pdf_file/0010/193780/089_-_Climate_Change_Adaptation_Policy_-_Adopted_14_November_2018.pdf,1,2018,,Climate Change Adaptation Policy,Mackay Regional Council,QLD,Mackay ,,64,
https://websync.msc.qld.gov.au/corporate_documents/files/606/Climate%20Change%20Resilience%20Policy.pdf,1,2021,,Climate Change Resilience Policy,Mareeba Shire Council,QLD,Mareeba ,deleted,65,
https://www.moretonbay.qld.gov.au/files/assets/public/services/building-development/mbrc-plan/background-studies/climatechangeroadmap2013-2016.pdf,1,2013,2016,Roadmap for a changing climate,Moreton Bay Regional Council,QLD,Moreton ,,66,
https://www.tsra.gov.au/__data/assets/pdf_file/0015/12372/TS-Regional-Adaptation-and-Resillience-Plan-Final.pdf,1,,,Adaptation and Resilience Plan,Torres Shire Council,QLD,Torres ,,67,
https://irs.delegateconnect.co/client_uploads/brisbane-clean-green-sustainable-2017-2031/download,1,2017,2031,"Brisbane. Clean, Green, Sustainable 2017-2031",Brisbane City Council,QLD,Brisbane ,,68,
https://www.ahc.sa.gov.au/ahc-council/Documents/Reports-Strategies-Policies-Plans/Strategies-Plans/COUNCIL-PLAN-Carbon-Management-2019.pdf,1,2019,,Corporate Carbon Management Plan ,Adelaide Hills Council,SA,Adelaide Hills,,69,26/03/19
https://www.alexandrina.sa.gov.au/__data/assets/pdf_file/0030/194493/Environmental-Action-Plan-2014-2018.pdf,1,2014,2018,Environmental Action Plan,Alexandrina Council,SA,Alexandrina ,,70,16/12/19
https://www.charlessturt.sa.gov.au/__data/assets/pdf_file/0027/738090/Net-Zero-Our-Map-to-Net-Zero-Corporate-Emissions-2020-to-2025.pdf,1,2020,2025,Net Zero,City of Charles Sturt,SA,CharlesSturt,,71,09/12/19
https://www.charlessturt.sa.gov.au/__data/assets/pdf_file/0024/160548/Environmental-Sustainability-Policy-September-2020.pdf,1,2020,,Environmental Sustainability Policy,City of Charles Sturt,SA,CharlesSturt,,72,09/12/19
https://cdn.holdfast.sa.gov.au/general-downloads/Services/Climate-Ready-Booklet_Final-November-2020.pdf,1,,2030,CLIMATE READY HOLDFAST BAY,City of Holdfast Bay,SA,HoldfastBay,,73,08/10/19
https://cdn.holdfast.sa.gov.au/general-downloads/Council/Environment-Strategy-2020-2025-web-FINAL.pdf,1,2020,2025,ENVIRONMENT STRATEGY,City of Holdfast Bay,SA,HoldfastBay,,74,08/10/19
https://cdn.marion.sa.gov.au/sp/City-of-Marion-Carbon-Neutral-Plan_2021-02-16-222138.pdf,1,2020,2030,CARBON NEUTRAL PLAN,City of Marion,SA,Marion,,75,
https://cdn.marion.sa.gov.au/sp/Climate-Change-Adaptation-Governance-Assessment-Report-for-Marion.pdf,1,2019,,SOUTH AUSTRALIA PILOT CLIMATE CHANGE ADAPTATION GOVERNANCE ASSESSMENT,City of Marion,SA,Marion,,76,
https://cdn.marion.sa.gov.au/sp/Documents-Policies/Climate-Change-Policy.pdf?mtime=20180309102449,1,2016,,Climate Change Policy,City of Marion,SA,Marion,,77,
https://cdn.marion.sa.gov.au/sp/City-of-Marion-Coastal-Climate-Change-Adaptation-Study-2018.pdf,1,2018,,Coastal Climate Change Adaptation Study,City of Marion,SA,Marion,,78,
https://www.mitchamcouncil.sa.gov.au/__data/assets/pdf_file/0027/811566/Attachment-A-Summary-of-Greenhouse-Gas-Emission-Reduction-Achievements-003.pdf,1,2020,,CLIMATE CHANGE EMERGENCY RESPONSE.,City of Mitcham,SA,Mitcham,,79,22/10/19
https://www.npsp.sa.gov.au/files/3895_npsp_ccad_report2011.pdf?v=608,1,2011,,Climate Change Adaptation Report,City of Norwood Payneham and St Peters ,SA,Norwood,,80,
https://www.cityofpae.sa.gov.au/__data/assets/pdf_file/0018/412074/Energy-and-Water-Efficiency-Management-Plan.pdf,1,2017,2022,ENERGY AND WATER EFFIECIENCY MANAGEMENT PLAN,City of Port Adelaide Enfield,SA,PortAdelaide,,81,08/10/19
https://www.salisbury.sa.gov.au/assets/files/assets/public/general_documents/live/environment_and_sustainability/sustaining_our_environment_online_version_1.pdf,1,2008,,SALISBURY ENVIRONMENTAL AND CLIMATE CHANGE STRATEGY,City of Salisbury,SA,Salisbury,,82,28/10/19
https://www.unley.sa.gov.au/files/assets/public/council/about-the-council/city-of-unley-climate-and-energy-plan.pdf,1,2021,2023,Climate & Energy Plan Our path to carbon neutral  operations by 2023,City of Unley,SA,Unley,,83,
https://www.unley.sa.gov.au/files/assets/public/council/about-the-council/city-of-unley-environmental-sustainability-strategy-2016-2020.pdf,1,2016,2020,Environmental Sustainability Strategy,City of Unley,SA,Unley,,84,
https://www.unley.sa.gov.au/files/assets/public/environment-hub/draft-climate-energy-plan-for-consultation.pdf,1,2021,2030,DRAFT Climate & Energy Plan,City of Unley,SA,Unley,,85,
https://www.victor.sa.gov.au/__data/assets/pdf_file/0034/1069279/Climate-Agenda-2030_FINAL.pdf,1,2020,2030,Climate Agenda 2030,City of Victor Habor,SA,City ,deleted,86,
https://www.westtorrens.sa.gov.au/files/sharedassets/public/objective-digitalpublications/external-website/publications/climate-mitigation-and-adaptation-initiatives-in-the-city-of-west-torrens-summary-table.pdf,1,,,General Climate Change Initiatives,City of West Torrens,SA,WestTorrens,,87,
https://www.kimba.sa.gov.au/__data/assets/pdf_file/0019/381205/2.28-Climate-Change-Policy.pdf,1,2011,,Climate Change Adaptation Policy,District Council of Kimba,SA,Kimba,,88,
https://www.environment.sa.gov.au/files/sharedassets/public/climate-change/regional_adaptation_plans/ep-regional-climate-change-adaptation-plan.pdf,1,2014,,Regional Climate Change  Adaptation Plan for the  Eyre Peninsula ,District Council of Lower Eyre Peninsula,SA,LowerEyre,,89,
https://www.mountbarker.sa.gov.au/__data/assets/pdf_file/0026/449810/Mount-Barker-District-Climate-Change-Action-Plan-2019.pdf,1,2019,,Climate Change Action Plan,Mount Barker District Council,SA,MountBarker,,90,04/11/19
https://cdn.environment.sa.gov.au/environment/docs/northern-adelaide-climate-change-adaption-plan-gen.pdf,1,2015,,Planning for our changing climate,Multiple,SA,,deleted,91,
https://www.roxbydowns.sa.gov.au/__data/assets/pdf_file/0029/862454/Climate-Change-Policy.pdf,1,2021,,POLICY – CLIMATE CHANGE ,Municipal Council of Roxby Downs,SA,RoxbyDowns,,92,
https://www.murraybridge.sa.gov.au/__data/assets/pdf_file/0020/340661/Climate-Change-Adaptation-Plan-2016-2021-adopted-by-Council-on-9-May-2016.pdf,1,2016,2021,Climate Change Adaptation Plan,Rural City of Murray Bridge,SA,MurrayBridge,,93,14/10/19
https://www.southernmallee.sa.gov.au/__data/assets/pdf_file/0038/974369/Southern-Mallee-District-Council-Environmental-Action-Plan_Final_.pdf,1,2021,2024,Environmental Action Plan,Southern Mallee District Council,SA,SouthernMallee,,94,
https://www.walkerville.sa.gov.au/__data/assets/pdf_file/0039/939837/Urban-Forest-Strategy.pdf,1,2019,,OUR URBAN FOREST,Town of Walkerville,SA,Walkerville,,95,
https://www.bodc.tas.gov.au/wp-content/uploads/2018/06/Final.BOD_.MMP_.Responding-to-Climate-Change.Sept-13.pdf,1,2013,,Responding to Climate Change Municipal Management Plan,Break O'Day Council,TAS,BreakODay,,96,
https://www.brighton.tas.gov.au/wp-content/uploads/2021/04/Brighton-CAP-compressed.pdf,1,2012,,Brighton Council Corporate Claimte Change Adaptation Plan,Brighton Council,TAS,Brighton ,,97,
https://www.brighton.tas.gov.au/wp-content/uploads/2019/07/Item-4.1-Climate-Change-and-Resilience-Strategy-12-11-19.pdf,1,2019,,Climate Change and Resilience Strategy ,Brighton Council,TAS,Brighton ,,98,
https://www.brighton.tas.gov.au/wp-content/uploads/2019/05/Climate-Change-and-Resilience-Strategy-Nov-2019.pdf,1,2019,,Climate Change and Resilience Strategy ,Brighton Council,TAS,Brighton ,,99,
https://www.centralcoast.tas.gov.au/wp-content/uploads/2016/11/Climate-Change-Action-Plan-2010-WEB.pdf,1,2010,,Climate Change Action Plan,Central Coast Council,TAS,CentralCoast,,100,26/08/19
https://www.centralcoast.tas.gov.au/wp-content/uploads/2020/12/10.13-Central-Coast-Council-Climate-Change-Strategy-and-Policy-June-2019.pdf,1,2019,,Central Coast Council Climate Change Strategy,Central Coast Council,TAS,CentralCoast,,101,26/08/19
https://www.pc.gov.au/inquiries/completed/climate-change-adaptation/submissions/sub010-attachment1.pdf,1,2009,,Climate Change Impacts on Clarence Coastal Areas - Final Reports,Clarence City Council,TAS,Clarence ,,102,
http://stca.tas.gov.au/wp-content/uploads/2019/12/CLARENCE-summary-community-energy-and-GHG-profile.pdf,1,2019,,Clarence City Council Community Energy Use and Greenhouse Gas Footprint Summary Report May 2019,Clarence City Council,TAS,Clarence ,,103,
http://gsbc.tas.gov.au/wp-content/uploads/2016/06/Glamorgan-Spring-Bay-Climate-Adaptation-Plan.pdf,1,2012,,Galmorgan Spring Bay Council Corporate Adaptation Plan,Glamorgan Spring Bay Council,TAS,Glamorgan ,,104,
https://www.gcc.tas.gov.au/wp-content/uploads/2020/11/climate-change-adaptation-plan.pdf,1,2012,,Corporate Climate Change Adaptation Plan,Glenorchy City Council ,TAS,Glenorchy ,,105,
https://www.huonvalley.tas.gov.au/wp-content/uploads/2020/07/17.012-Huon-Valley-Council-Climate-Change-Strategy-Part-A-Mitigation-Updated_-1.pdf,1,2020,,Climate Change Strategy Part A - Mitigation Plan,Huon Valley Council,TAS,Huon ,,106,
https://stca.tas.gov.au/wp-content/uploads/2019/12/HUON-VALLEY-community-energy-and-GHG-footprint.pdf,1,2019,,HUON VALLEY COUNCIL COMMUNITY ENERGY USE AND GREENHOUSE GAS FOOTPRINT SUMMARY REPORT MAY2019,Huon Valley Council,TAS,Huon ,,107,
https://www.kentish.tas.gov.au/__data/assets/pdf_file/0028/152884/Corporate-Climate-Change-Adaptation-Plan.pdf,1,2013,,Corporate Climate Change Adaptation Plan,Kentish Council,TAS,Kentish ,,108,
https://www.kingborough.tas.gov.au/wp-content/uploads/2019/06/Kingborough-Climate-Change-Plan.pdf,1,2019,2024,Climate Change Plan,Kingsborough Council ,TAS,Kingsborough ,,109,08/07/19
https://www.kingborough.tas.gov.au/wp-content/uploads/2019/05/Policy-6.13-Climate-Change.pdf,1,2021,2024,Climate Change Policy,Kingsborough Council ,TAS,Kingsborough ,,110,08/07/19
https://www.latrobe.tas.gov.au/__data/assets/pdf_file/0022/367123/LC-Corporate-Climate-Change-Adaptation-Plan.pdf,1,2013,,Corporate Climate Change Adaptation Plan,Latrobe Council,TAS,Latrobe ,,111,
https://www.sorell.tas.gov.au/wp-content/uploads/2021/09/Sorell-Council-Climate-Change-Adaptation-Plan-2012-1.pdf,1,2012,,Sorell Council Climate Change Adaptation Plan,Sorell Council,TAS,Sorell ,,112,
http://stca.tas.gov.au/wp-content/uploads/2019/12/SORELL-community-energy-and-GHG-footprint.pdf,1,2019,,COMMUNITY ENERGY USE AND GREENHOUSE GAS FOOTPRINT,Sorell Council,TAS,Sorell ,,113,
https://www.southernmidlands.tas.gov.au/assets/Climate_Change_and_EF_SMC_Climate_Change_Adaptation_Plan_2020.pdf,1,2020,,Climate Change Adaptation Plan,Southern Midlands Council,TAS,SouthernMidlands,,114,
https://www.southernmidlands.tas.gov.au/assets/CCAEE_Climate_Change_Action_Plan_2020_approved_October_2020.pdf,1,2020,,Climate Change Action Plan,Southern Midlands Council,TAS,SouthernMidlands,,115,
https://www.southernmidlands.tas.gov.au/assets/Other_Documents_Southern_Midlands_Community_Energy_Use_and_Greenhouse_Gas_Footprint.pdf,1,2018,,COMMUNITY ENERGY USE AND GREENHOUSE GAS FOOTPRINT PRELIMINARY FINDINGS AUGUST 2018,Southern Midlands Council,TAS,SouthernMidlands,,116,
https://www.tasman.tas.gov.au/download/strategic_plans/Climate-Change-Strategy-2020.pdf,1,2020,,"Climate Change Strategy - Mitigation, Adaptation, Resilience",Tasman Council,TAS,Tasman ,,117,
https://www.tasman.tas.gov.au/download/policies/C-012-Climate-Change-Adaptation-and-Mitigation-Policy_2.pdf,1,2020,,CLIMATE CHANGE ADAPTATION & MITIGATION POLICY,Tasman Council,TAS,Tasman ,,118,
https://www.alpineshire.vic.gov.au/sites/default/files/resources/ASC%20Climate%20Action%20Plan.pdf,1,2021,2024,"CLIMATE
ACTION PLAN
2021-2024",Alpine Shire,VIC,Alpine ,,119,09/11/21
https://www.alpineshire.vic.gov.au/sites/default/files/resources/ASC%20Climate%20Action%20Position%20Statement.pdf,1,2021,2024,CLIMATE ACTION POSITION STATEMENT 2021-2024,Alpine Shire,VIC,Alpine ,,120,09/11/21
https://www.alpineshire.vic.gov.au/sites/default/files/resources/ASC%20Climate%20Action%20Plan.pdf,1,2021,2024,CLIMATE ACTION PLAN 2021-2024,Alpine Shire Council,VIC,Alpine ,deleted,121,
https://d2n3eh1td3vwdm.cloudfront.net/general-downloads/Sustainable-Environment/Climate-Change/BASS-COAST_Climate-Change-Action-Plan-Factsheet-1_v2-PRESS.pdf,1,,,"Bass Coast Climate
Change Action Plan",Bass Coast Shire,VIC,BassCoast,,122,21/08/19
https://www.climatechange.vic.gov.au/__data/assets/pdf_file/0028/91891/2017_Bass-Coast_adaptation-gov_asset-management.pdf,1,,,"Bass Coast Shire Council
Leading in Asset Management Planning for Climate Change",Bass Coast Shire,VIC,BassCoast,,123,21/08/19
https://d2n3eh1td3vwdm.cloudfront.net/general-downloads/Sustainable-Environment/Climate-Change/Climate-Change-Action-Plan-2020-2030.pdf,1,2020,2030,Climate Change Action Plan,Bass Coast Shire,VIC,BassCoast,,124,21/08/19
https://www.benalla.vic.gov.au/files/assets/public/all-pdfs/information-final-climate-chanage-adaptation-action-plan-final-15112012.pdf,1,2013,2025,"Climate Change Adaptation
Action Plan 2013-2025",Benalla Rural City,VIC,Benalla ,,125,
https://www.queenscliffe.vic.gov.au/files/assets/public/documents/your-council/projects/climate-emergency-response-plan/borough-of-queenscliff-climate-emergency-response-plan-final-2021.pdf,1,2021,2031,"Climate Emergency
Response Plan
2021-2031",Borough of Queenscliffe,VIC,Queenscliffe,,126,19/12/19
https://www.queenscliffe.vic.gov.au/files/assets/public/documents/your-council/projects/climate-emergency-response-plan/cerp_boq_background_document.pdf,1,2020,,"Background document
For the Borough of Queenscliffe Climate Emergency Response Plan
Community Panel workshops ",Borough of Queenscliffe,VIC,Queenscliffe,,127,19/12/19
https://www.campaspe.vic.gov.au/files/assets/public/strategies-and-plans/environment-strategy.pdf,1,2018,2022,"Environment
Strategy
2018-22",Campaspe Shire,VIC,Campaspe ,,128,
https://www.stonnington.vic.gov.au/files/assets/public/community/sustainability/climate-emergency-action-plan-2021-2024.pdf,1,2021,2024,Towards Zero Carbon 2030: Our Climate Emergency Action Plan 2021-2024,City of Stonnington,VIC,Stonnington ,deleted,129,
https://www.frankston.vic.gov.au/files/assets/public/environment-and-waste/environment/pdfs/towards_zero_emissions_plan_a4_booklet_for_web_2019.pdf,1,2019,2023,Towards Zero Emissions Plan,Frankston City,VIC,Frankston ,,130,18/11/19
https://www.frankston.vic.gov.au/files/assets/public/environment-and-waste/environment/energy-and-climate/pdfs/climate_change_impacts_and_adaptation_plan.pdf,1,2011,,Climate change impacts and adaptation plan,Frankston City,VIC,Frankston ,,131,18/11/19
https://www.indigoshire.vic.gov.au/files/assets/public/environment/indigo-climate-change-adaptation-action-plan.pdf,1,2017,2021,Climate change adaptation action plan (2017-2021),Indigo Shire,VIC,Indigo ,,132,30/07/19
https://www.indigoshire.vic.gov.au/files/assets/public/environment/indigo-climate-change-adaptation-action-plan.pdf,1,2017,2021,Climate change adaptation action plan,Indigo Shire Council,VIC,Indigo ,deleted,133,
https://www.kingston.vic.gov.au/files/sharedassets/public/hptrim/environmental-management-climate-change-climate-change-strategy/climate-change-strategy-2018-2025.pdf,1,2018,2025,Climate Change Strategy,Kingston City,VIC,Kingston ,,134,28/01/20
https://www.kingston.vic.gov.au/files/sharedassets/public/hptrim/environmental-management-climate-change-climate-and-ecological-emergency/climate-and-ecological-emergency-response-plan.pdf,1,2021,,"CLIMATE & ECOLOGICAL
EMERGENCY RESPONSE PLAN",Kingston City,VIC,Kingston ,,135,28/01/20
https://www.kingston.vic.gov.au/files/sharedassets/public/hptrim/environmental-management-climate-change-urban-cooling-strategy-2020/urban-cooling-strategy-final.pdf,1,2020,,Creating a Cool Kingston,Kingston City,VIC,Kingston ,,136,28/01/20
https://www.knox.vic.gov.au/sites/default/files/2021-09/Knox%20Climate%20Response%20Plan%202021-2031_1.pdf,1,2021,2031,Climate response plan,Knox City,VIC,Knox ,,137,27/09/21
https://www.mrsc.vic.gov.au/files/assets/public/strategies-amp-plans/cool-changes-final-sustainable-malmsbury-action-plan.pdf,1,,,"SUSTAINABLE MALMSBURY
ACTION PLAN",Macedon Ranges Shire,VIC,Macedon ,,138,24/03/21
https://www.mrsc.vic.gov.au/files/assets/public/live-amp-work/environment/cool-changes-3442-woodend-region-climate-action-plan-final-post-exhibition-jan-2021-d21-4132.pdf,1,2020,,Cool Changes Woodend Region Climate Change Action Plan,Macedon Ranges Shire,VIC,Macedon ,,139,24/03/21
https://www.mrsc.vic.gov.au/files/assets/public/live-amp-work/environment/annual-environment-report-2019-20.pdf,1,2020,,"Annual Environment
Report 2019/20",Macedon Ranges Shire,VIC,Macedon ,,140,24/03/21
https://www.mrsc.vic.gov.au/files/assets/public/strategies-amp-plans/environment-strategy-2021.pdf,1,2021,,"Environment Strategy
Refreshed 2021",Macedon Ranges Shire,VIC,Macedon ,,141,24/03/21
https://www.mrsc.vic.gov.au/files/assets/public/live-amp-work/environment/annual-environmental-report-2016-2017.pdf,1,2016,2017,Annual Environment Report 2016–2017,Macedon Ranges Shire,VIC,Macedon ,,142,24/03/21
https://www.mrsc.vic.gov.au/files/assets/public/live-amp-work/environment/annual-environment-report-2020-21-d21-124241.pdf,1,2020,2021,"Annual Environment
Report 2020/21",Macedon Ranges Shire,VIC,Macedon ,,143,24/03/21
https://www.mrsc.vic.gov.au/files/assets/public/live-amp-work/environment/2018-annual-environmental-report.pdf,1,2018,2019,Annual Environment Report 2018–2019,Macedon Ranges Shire,VIC,Macedon ,,144,24/03/21
https://www.mrsc.vic.gov.au/files/assets/public/strategies-amp-plans/climate-change-action-plan-draft.pdf,1,2017,,Climate Change Action Plan,Macedon Ranges Shire Council,VIC,Macedon ,,145,24/03/21
http://www.melbourne.vic.gov.au/sitecollectiondocuments/climate-change-mitigation-strategy-2050.pdf,1,2018,,CLIMATE CHANGE MITIGATION STRATEGY TO 2050 MELBOURNE TOGETHER FOR 1.5°C,Melbourne City,VIC,Melbourne ,,146,16/07/19
https://mvcc.vic.gov.au/wp-content/uploads/2020/09/20-101200-MV2040-Action-Plan-Green-Designed-version-Endorsed-28-July-20202-1.pdf,1,,2040,"MV2040 Action Plan
Green",Moonee Valley City,VIC,Moonee ,,147,08/10/19
https://www.mornpen.vic.gov.au/files/assets/public/new-website-documents/your-property/environment/climate-change/docs/climate-emergency-ensuring-our-future-2020-summary.pdf,1,2020,2030,"Our Climate Emergency Response
From 2020 to 2030
A snapshot of the full response, Ensuring Our Future",Mornington Peninsula Shire,VIC,Mornington ,,148,
https://www.mornpen.vic.gov.au/files/assets/public/new-website-documents/about-us/strategies-amp-plans/docs/climate-emergency-plan-progress-report-2021.pdf,1,2021,,Climate Emergency Plan progress report,Mornington Peninsula Shire,VIC,Mornington ,,149,
https://www.mornpen.vic.gov.au/files/assets/public/new-website-documents/your-property/environment/climate-change/docs/climate-emergency-ensuring-our-future-2020-full.pdf,1,2020,2030,"Our Climate Emergency Response From 2020 to 2030 A place where people and nature thrive, Ensuring our future",Mornington Peninsula Shire,VIC,Mornington ,,150,
https://www.nillumbik.vic.gov.au/files/assets/public/explore/climate-and-sustainability/climate-action-plan-2022-2032.pdf,1,2022,2032,Climate Action Plan,Nillumbik Shire,VIC,Nillumbik ,,151,26/04/22
https://www.nillumbik.vic.gov.au/files/assets/public/environment/publications/climate-change-action-plan-2016-2020-web.pdf,1,2016,2020,Climate Change Action Plan 2016- 2020,Nillumbik Shire,VIC,Nillumbik ,deleted,152,
https://www.portphillip.vic.gov.au/media/bfilneag/climate_adaptation_plan_web.pdf,1,2010,,CLIMATE ADAPTATION PLAN CLIMATE ADEPT CITY,Port Phillip Council,VIC,PortPhillip,,153,18/09/19
https://www.stonnington.vic.gov.au/files/assets/public/about/corporate-documents/major-plans-and-strategies/sustainable-environment-strategy-2018-2023.pdf,1,2018,2023,"Sustainable
Environment
Strategy
2018-2023",Stonnington City,VIC,Stonnington ,,154,17/02/20
https://www.surfcoast.vic.gov.au/files/assets/public/have-your-say/climate-emergency-quarterly-update-october-–-december-2021.pdf,1,2021,2031,"Climate Emergency Corporate
Response Plan 2021-2031",Surf Coast Shire,VIC,SurfCoast,,155,27/08/19
https://environmentsurfcoast.com.au/wp-content/uploads/2021/07/Surf-Coast-Shire-Council-Climate-Emergency-Response-Plan-2021-2031-Final-6.pdf,1,2021,2031,Climate Emergency Corporate Response Plan 2021-2031,Surf Coast Shire,VIC,SurfCoast,,156,27/08/19
https://environmentsurfcoast.com.au/wp-content/uploads/2021/03/SCS-Community-Emissions-Profile.pdf,1,,,climate emergency,Surf Coast Shire,VIC,SurfCoast,,157,27/08/19
https://assets-global.website-files.com/6021ed7c89cc1c1c01fccf29/612e0332c0a527fb3d7235dd_Building%20Resilience%20Booklet.pdf,1,,,Building Resilience,Wellington Shire,VIC,Wellington ,,158,
https://www.wodonga.vic.gov.au/Portals/0/Downloads/Wodonga_Climate_Change_Adaptation_Action_Plan-1.pdf,1,2017,2021,Climate change adaptation action plan (2017-2021),Wodonga City,VIC,Wodonga ,,159,
https://www.stonnington.vic.gov.au/files/assets/public/community/sustainability/climate-emergency-action-plan-2021-2024.pdf,1,2021,2024,Towards Zero Carbon 2030: Our Climate Emergency Action Plan 2021-2024,Stonnington City,VIC,Stonnington ,,160,17/02/20
https://www.mrsc.vic.gov.au/files/assets/public/live-amp-work/environment/cool-changes-romsey-and-lancefield-final-version-of-plan-sept-2021-d21-112772.pdf,1,,,Cool Changes Lancefield and Romsey,,VIC,,not LGA,161,
https://www.stonnington.vic.gov.au/files/assets/public/community/sustainability/sustainability-snapshot-2018_2019.pdf,1,2018,2019,Sustainability Snapshot 2018-19,,VIC,Stonnington ,,162,17/02/20
https://www.climatechange.vic.gov.au/__data/assets/pdf_file/0042/549798/Grampians_Regional_Climate_Adaptation_Strategy.pdf,1,2021,2025,"Grampians
Region
Climate Adaptation Strategy 2021–2025",,VIC,,not LGA,163,
https://www.banyule.vic.gov.au/files/assets/public/_operating-images-amp-docs/documents/corporate-emissions-reduction-plan.pdf,1,2020,2023,Actions for zero net emissions,Banyule City,VIC,Banyule ,,164,07/10/19
https://www.banyule.vic.gov.au/files/assets/public/about-us/documents-reports-plans/energy-saving-plan.pdf,1,2014,2017,Banyule Planet: The Energy Saving Plan,Banyule City,VIC,Banyule ,,165,07/10/19
https://www.benalla.vic.gov.au/files/assets/public/all-pdfs/information-final-climate-chanage-adaptation-action-plan-final-15112012.pdf,1,2013,2025,Climate Change Adaptation Action Plan,Benalla Rural City,VIC,Benalla ,deleted,166,
https://www.buloke.vic.gov.au/ArticleDocuments/1213/Buloke%20Shire%20Climate%20Action%20Plan.pdf.aspx,1,2021,,Buloke Shire Climate Action Plan,Buloke Shire,VIC,Buloke ,,167,
https://www.casey.vic.gov.au/sites/default/files-public/user-files/Waste%20%26%20environment/Guides/Climate_Change_booklet.pdf,1,2010,,Climate Change in the City of Casey,Casey City,VIC,Casey ,,168,
https://www.casey.vic.gov.au/sites/default/files/2018-10/Emissions-Management-Plan-2018-22-Attachment-A.pdf,1,2018,2022,Emissions Management Plan,Casey City,VIC,Casey ,,169,
https://www.gannawarra.vic.gov.au/files/assets/public/document-resources/council-policies/146-climate-change.pdf,1,2021,,Climate Change Policy,Gannawarra Shire,VIC,Gannawarra ,,170,
https://www.glenelg.vic.gov.au/files/assets/public/our-services/planning-and-building/planning-documents/current-amendments-and-projects/strategic-team-docs-for-reference/gsc_environment_strategy_2010_2020.pdf,1,2010,2020,ENVIRONMENT STRATEGY,Glenelg Shire,VIC,Glenelg ,,171,
https://www.bendigo.vic.gov.au/sites/default/files/2021-10/Climate%20Change%20and%20Environment%20Strategy%202021-26.pdf,1,2021,2026,Climate Change & Environment Strategy,Greater Bendigo City,VIC,Greater ,,172,
https://www.hindmarsh.vic.gov.au/files/assets/public/council/council-resources/policies-and-procedures/climate-change-adaptation-strategy-2012.pdf,1,2012,,Climate Change Adaptation,Hindmarsh Shire,VIC,Hindmarsh ,,173,
https://www.hobsonsbay.vic.gov.au/files/assets/public/documents/community/sustainability-amp-environment/environmentally-sustainable-development-policy/climate-change-adaptation-plan-background-report-2018.pdf,1,2018,2030,Climate Change Adaptation Plan Refresh 2030,Hobsons Bay City,VIC,Hobsons ,,174,08/10/19
https://www.hobsonsbay.vic.gov.au/files/assets/public/documents/council/policies/climate-change-adaptation-plan-15-april-2013.pdf,1,2013,2018,Climate Change Adaptation Plan,Hobsons Bay City,VIC,Hobsons ,,175,08/10/19
https://www.hobsonsbay.vic.gov.au/files/assets/public/documents/council/policies/climate-change-policy.pdf,1,2013,,Climate Change Policy,Hobsons Bay City,VIC,Hobsons ,,176,08/10/19
https://www.hume.vic.gov.au/files/sharedassets/public/residents/health-waste-and-environment/hume_greenhouse_action_plan_2018-2022.pdf,1,2018,2022,Greenhouse Action Plan,Hume City,VIC,Hume ,,177,
https://www.indigoshire.vic.gov.au/files/assets/public/council-documents/strategies-plans-and-policies/climate-emergency-strategic-action-plan.pdf,1,2020,,Climate Emergency Strategic Action Plan,Indigo Shire,VIC,Indigo ,,178,30/07/19
https://www.latrobe.vic.gov.au/sites/default/files/140407_PLCLCEF_Consolidated_Progress_and_Achievements_elecvers-small.pdf,1,2014,,Positioning Latrobe City for a Low Carbon Emissions Future,Latrobe City,VIC,Latrobe ,,179,
https://www.latrobe.vic.gov.au/sites/default/files/Positioning_Latrobe_City_for_a_Low_Carbon_Emissions_Future_Policy.pdf,1,2010,,Positioning Latrobe City for a Low Carbon Emissions Future,Latrobe City,VIC,Latrobe ,,180,
https://www.manningham.vic.gov.au/sites/default/files/uploads/annual_environment_report_-_digital_version_-_28_may_2020.pdf,1,2018,,RESILIENT MANNINGHAM: Annual Environmnet Report,Manningham City,VIC,Manningham ,,181,28/01/20
https://www.mansfield.vic.gov.au/sites/default/files/13.2.4%20-%20Attachment%201%20-%20Climate%20Action%20Plan%20Background%20Paper.pdf,1,2021,,Climate Action Plan Background Paper (Draft),Mansfield Shire,VIC,Mansfield ,not found,182,
https://www.maribyrnong.vic.gov.au/files/assets/public/council-strategies-and-policies/climate-emergency-action-plan-2021-2025.pdf,1,2021,2025,Climate Emergency Action Plan,Maribyrnong City ,VIC,Maribyrnong ,,183,19/02/19
https://www.maribyrnong.vic.gov.au/files/content/public/residents/our-environment/climate-emergency/climate-emergency-strategy-2020.pdf,1,2021,2025,Climate Emergency Strategy,Maribyrnong City ,VIC,Maribyrnong ,,184,19/02/19
https://www.maroondah.vic.gov.au/files/assets/public/documents/policies/climate-change-risk-and-adaptation-strategy-1.pdf,1,2018,2022,Climate Change Risk and Adaptation Strategy,Maroondah City ,VIC,Maroondah ,,185,
https://www.moira.vic.gov.au/files/sharedassets/public/01-residents/environment/ess_focus4.pdf,1,,,Focus Area 4: Climate Change Adaptation and Mitigation,Moira Shire,VIC,Moira ,,186,
https://www.moira.vic.gov.au/files/sharedassets/public/your-council/preparing_for_climate_change_in_the_moira_shire.pdf,1,2010,,Preparing for climate change in the Moira Shire,Moira Shire,VIC,Moira ,,187,
https://www.moira.vic.gov.au/files/sharedassets/public/01-residents/environment/d18-47934-final-moira-corporate-emissions-reduction-plan-2018-21-print2.pdf,1,2018,2021,Corporate Emissions Reduction Plan,Moira Shire,VIC,Moira ,,188,
https://www.moreland.vic.gov.au/globalassets/areas/esd/zero-carbon-moreland---action-plan-2020---2025---draft-for-consultation.pdf,1,2020,2025,Zero Carbon Moreland - Action Plan (Draft for Consultation),Moreland City,VIC,Moreland ,not found,189,
https://www.moreland.vic.gov.au/globalassets/key-docs/zero-carbon-moreland---climate-emergency-action-plan-2020-21----2024-25_.pdf,1,2020,2025,Zero Carbon Moreland - Climate Emergency Action Plan,Moreland City,VIC,Moreland ,superceded,190,
https://www.mornpen.vic.gov.au/files/assets/public/new-website-documents/about-us/strategies-amp-plans/docs/climate-change-community-engagement-strategy.pdf,1,2018,,Climate Change Community Engagement Strategy,Mornington Peninsula Shire,VIC,Mornington ,,191,
https://www.mornpen.vic.gov.au/files/assets/public/climate-emergency-plan-progress-report-2021.pdf,1,2021,,Climate Emergency Plan Progress Report,Mornington Peninsula Shire,VIC,Mornington ,deleted,192,
https://www.mountalexander.vic.gov.au/files/Environment/Climate_Change_Action_Plan_Mount_Alexander_Shire_Council_2016.pdf,1,2016,2020,Climate Change Action Plan,Mount Alexander Shire,VIC,MountAlexander,,193,17/12/19
https://www.mountalexander.vic.gov.au/Files/Policies/Roadmap_to_Carbon_Neutrality_-_2020.pdf,1,2020,2025,Roadmap to Carbon Neutrality,Mount Alexander Shire,VIC,MountAlexander,,194,17/12/19
https://www.nillumbik.vic.gov.au/files/assets/public/environment/publications/climate-change-action-plan-2016-2020-web.pdf,1,2016,2020,Climate Change Action Plan,Nillumbik Shire,VIC,Nillumbik ,,195,26/04/22
https://www.portphillip.vic.gov.au/media/4wvitfaq/greenhouse-plan-full-final.pdf,1,,,GREENHOUSE PLAN LOW CARBON CITY,Port Phillip City,VIC,PortPhillip,,196,18/09/19
https://www.pyrenees.vic.gov.au/files/assets/public/emergencies/pyrenees-heatwave-plan-2020-ver-3.pdf,1,2020,,Heatwave Plan,Pyrenees Shire,VIC,Pyrenees ,,197,
https://www.sthgrampians.vic.gov.au/files/Climate_Adaptation_Plan_2017-_2027_FINAL.pdf,1,2017,2027,Climate Change Adaptation Plan,Southern Grampians Shire,VIC,Southern ,,198,
https://www.warrnambool.vic.gov.au/sites/warrnambool.vic.gov.au/files/documents/warrnambool/environment/adaptable/Climate_Change_Action_Plan.pdf,1,,,Climate Change Action Plan,Warrnambool City,VIC,Warrnambool ,,199,07/10/19
https://www.whittlesea.vic.gov.au/media/3542/climate-ready-whittlesea-final.pdf,1,2015,,Climate Ready Whittlesea,Whittlesea City,VIC,Whittlesea ,,200,
https://www.wodonga.vic.gov.au/Portals/0/Climate_Change_Policy-1.pdf,1,2017,,Climate Change Policy,Wodonga City,VIC,Wodonga ,,201,
https://www.wodonga.vic.gov.au/Portals/0/Downloads/Wodonga_Climate_Change_Adaptation_Action_Plan-1.pdf,1,2017,2021,Climate change adaptation action plan,Wodonga City,VIC,Wodonga ,deleted,202,
https://www.wyndham.vic.gov.au/sites/default/files/2016-07/Climate%20Change%20Strategy.pdf,1,2016,2020,Climate Change Adaptation Strategy,Wyndham City,VIC,Wyndham ,,203,
https://www.yarracity.vic.gov.au/-/media/files/ycc/services/take-climate-action/climateemergency_booklet_web-(003).pdf,1,2020,2024,YARRA CLIMATE EMERGENCY PLAN,Yarra City,VIC,Yarra ,,204,07/02/17
https://www.yarracity.vic.gov.au/-/media/files/ycc/about-us/strategies/coy_climate-emergency-plan_web.pdf?la=en,1,2020,2024,Yarra Climate Emergency Plan,Yarra City ,VIC,Yarra ,,205,07/02/17
https://www.yarraranges.vic.gov.au/files/assets/public/webdocuments/environment/environment-other/liveable_climate_plan_2020-2030_final-singles.pdf,1,2020,2030,Liveable Climate Plan,Yarra Ranges Shire,VIC,YarraRanges,,206,10/09/19
https://www.yarraranges.vic.gov.au/files/assets/public/webdocuments/council/policies-strategies/adapting_to_a_changing_climate_and_energy_future_plan.pdf,1,,2020,Adapting to a changing climate and energy future,Yarra Ranges Shire,VIC,YarraRanges,,207,10/09/19
https://www.yarraranges.vic.gov.au/files/assets/public/webdocuments/environment/environment-other/liveable_climate_action_plan_final-singles.pdf,1,2020,2030,Liveable Climate,Yarra Ranges Shire,VIC,YarraRanges,,208,10/09/19
https://www.albany.wa.gov.au/Profiles/albany/Assets/ClientData/city-of-albany-climate-change-action-declaration.pdf,1,2020,,Climate Change Action Declaration,City of Albany,WA,Albany,no text,209,
https://www.armadale.wa.gov.au/sites/default/files/assets/documents/docs/Environmental_Management/Corporate_Greenhouse_Action_Plan_2014_15_to_2019_20.pdf,1,2014,2020,Corporate Greenhouse Action Plan,City of Armadale,WA,Armadale,,210,
https://www.bayswater.wa.gov.au/CityOfBayswater/media/AlykaTest/Local-Climate-Change-Adaptation-Action-Plan.pdf,1,2013,,City of Bayswater Local Climate Change Adaptation Action Plan,City of Bayswater,WA,Bayswater,,211,
https://www.bayswater.wa.gov.au/CityOfBayswater/media/AlykaTest/Local-Climate-Change-Adaptation-Action-Plan.pdf,1,2013,,Local Climate Change Adaptation Action Plan,City of Bayswater,WA,Bayswater,duplicate,212,
https://www.bayswater.wa.gov.au/getattachment/Environment-and-Sustainability/Climate-Change/FINAL-City-of-Bayswater-Emission-Reduction-and-Renewable-Energy-Plan.pdf?lang=en-AU,1,2021,,EMISSION REDUCTION AND RENEWABLE ENERGY PLAN,City of Bayswater,WA,Bayswater,,213,
https://www.cockburn.wa.gov.au/getattachment/f23a1e70-3b8e-43bf-b477-d89c8236594b/ECM_9470843_v2_City-of-Cockburn-Climate-Change-Engagement-Report-V3-Final-Summary-pdf.aspx,1,2020,,"Our Sustainable &
Climate Resilient Future
Engagement Outcomes",City of Cockburn,WA,Cockburn,,214,
https://www.cockburn.wa.gov.au/getattachment/16c91179-124e-41f7-8cc8-1ed7162daca5/ECM_8016785_v1_City-of-Cockburn-Coastal-Adaptation-Plan-pdf.aspx,1,2018,,"City of Cockburn
Coastal Adaptation Plan",City of Cockburn,WA,Cockburn,,215,
https://www.cockburn.wa.gov.au/getattachment/57a5e9c1-ad05-49a4-be84-a742b4d24c46/ECM_9832294_v6_Climate-Change-Strategy-2020-2030-pdf.aspx,1,2020,2030,"City of Cockburn
Climate Change Strategy
2020–2030",City of Cockburn,WA,Cockburn,,216,
https://www.fremantle.wa.gov.au/sites/default/files/170920_CoF_Corporate%20Energy%20Plan_FINAL.pdf,1,2017,,"CORPORATE ENERGY PLAN
City of Fremantle",City of Fremantle,WA,Fremantle,,217,22/05/19
https://www.fremantle.wa.gov.au/sites/default/files/South%20Fremantle%20Coastal%20Adaption%20Plan.pdf,1,2016,,South Fremantle Coast Coastal Adaptation Plan ,City of Fremantle,WA,Fremantle,,218,22/05/19
https://www.fremantle.wa.gov.au/sites/default/files/APPROVED%20One%20Planet%20Fremantle%20Framework%202020-2030%20FINAL.pdf,1,2020,2030,One Planet Fremantle Framework,City of Fremantle,WA,Fremantle,,219,22/05/19
https://www.fremantle.wa.gov.au/sites/default/files/One%20Planet%20Action%20Plan%202020%20-%202025.pdf,1,2020,2025,One Planet Actio Plan,City of Fremantle,WA,Fremantle,,220,22/05/19
https://www.fremantle.wa.gov.au/sites/default/files/sharepointdocs/Climate%20change%20adaptation%20plan-C-000485.pdf,1,,,Climate Change Adaptation Plan,City of Fremantle,WA,Fremantle,,221,22/05/19
https://www.fremantle.wa.gov.au/sites/default/files/Climate%20Change%20Adaption%20Plan%20-%202020%20Update%20PDFv2.pdf,1,2020,,Climate Change Adaptation Plan,City of Fremantle,WA,Fremantle,,222,22/05/19
https://www.cgg.wa.gov.au/council-meetings/ordinary-council-meeting/23-november-2021/178/documents/22-is252-attachment-achieving-net-zero-corporate-climate-change-mitigation-plan.pdf,1,2021,,Achieving Net Zero Corporate Climate Change Mitigation Plan,City of Greater Geraldton,WA,Geraldton,,223,
http://staging.joondalup.wa.gov.au/wp-content/uploads/2018/01/Climate-Change-Strategy-2014-2019.pdf,1,2014,2019,Climate Change Strategy,City of Joondalup,WA,Joondalup,,224,
https://www.joondalup.wa.gov.au/files/councilmeetings/2003/Attach3brf091203.pdf,1,2003,,Greenhouse Gas Emission Reduction Action Plan,City of Joondalup,WA,Joondalup,,225,
https://www.joondalup.wa.gov.au/wp-content/uploads/2020/06/Think-Green-Living-Guide.pdf,1,,,THINK GREEN LIVING GUIDE,City of Joondalup,WA,Joondalup,,226,
https://karratha.wa.gov.au/sites/default/files/uploads/City%20of%20Karratha%20Renewable%20Hydrogen%20Study%20-%20Final%20Report.pdf,1,2020,,The Renewable Hydrogen Industry Hub Seizing today's opportunities,City of Karratha,WA,Karratha,,227,
https://www.kwinana.wa.gov.au/cityofkwinana/media/city-life/eh0086-climate-change-plan-2021-2026_spreads.pdf,1,2021,2026,Climate Change Plan,City of Kwinana,WA,Kwinana,,228,
https://dwer.wa.gov.au/sites/default/files/Waterwise%20Perth%20Action%20Plan.pdf,1,2019,,Waterwise Perth,City of Perth,WA,Perth,,229,
https://southperth.wa.gov.au/docs/default-source/5-future/our-environment/climate-change/climate-change-strategy-2010-2015.pdf,1,2010,2015,CLIMATE CHANGE STRATEGY,City of South Perth,WA,SouthPerth,,230,
https://www.vincent.wa.gov.au/Profiles/vincent/Assets/ClientData/Documents/Environment/0631_-_Sustainable_Environment_Strategy_v5.pdf,1,2019,2024,SUSTAINABLE  ENVIRONMENT  STRATEGY,City of Vincent,WA,Vincent,,231,04/04/18
https://www.wanneroo.wa.gov.au/download/downloads/id/2288/climate_change_adaptation_and_mitigation_strategy_202021_-_202526.pdf,1,2020,2026,CLIMATE CHANGE ADAPTATION  AND MITIGATION STRATEGY,City of Wanneroo,WA,Wanneroo,,232,
https://www.wanneroo.wa.gov.au/consultations/downloads/56d00276c0393.pdf,1,2016,2020,Climate Change Adaptation and Mitigation Strategy,City of Wanneroo,WA,Wanneroo,,233,
https://www.kalamunda.wa.gov.au/docs/default-source/agenda-and-minutes/2020/attachments/ocm-march-2020/10-2-1-1-walga-climate-change-policy-statement-july-2018.pdf?sfvrsn=4c882274_2,1,2018,,Climate Change Policy Statement ,City of Kalamunda,WA,Kalamunda,,234,25/05/21
https://www.amrshire.wa.gov.au/library/file/4Sustainability/AM210572_Climate_Action_Plan.pdf,1,2020,2030,"Climate Action Plan
Part 1 – Towards Zero Emissions
2020–2030",Shire of Augusta Margaret River,WA,Augusta,,235,25/09/19
https://www.amrshire.wa.gov.au/library/file/0Publications/Documents%20SD/Leap%20Doc%2015_01_19.pdf,1,2018,,Local Energy Action Plan,Shire of Augusta Margaret River,WA,Augusta,,236,25/09/19
https://www.amrshire.wa.gov.au/library/file/4Sustainability/AM210572_Climate_Action_Plan.pdf,1,2020,2030,Climate Action Plan Part 1 – Towards Zero Emissions,Shire of Augusta Margaret River,WA,Augusta,not found,237,
https://www.amrshire.wa.gov.au/library/file/4Sustainability/AM210572_Climate_Action_Plan_FINAL%20INTEGRATED.pdf,1,2020,2030,Climate Action Plan Part 1 - Towards Zero Emissions,Shire of Augusta Margaret River,WA,Augusta,not found,238,
https://www.bridgetown.wa.gov.au/council-meetings/council-meeting/council-meeting-26-april-2018/47/documents/20180426-attachment%201.pdf,1,2018,,Draft Climate Change Policy Statement,Shire of Bridgetown-Greenbushes,WA,Bridgetown,,239,
https://www.broome.wa.gov.au/files/assets/public/council/strategic-and-corporate-plans/informing-strategies-and-plans/final-endorsed-state-of-the-environment-report_march-2016.pdf,1,2015,,State of Environment Report,Shire of Broome,WA,Broome,,240,
https://www.broome.wa.gov.au/files/assets/public/council/strategic-and-corporate-plans/informing-strategies-and-plans/coastal-hazard-risk-management-and-adaption-plan.pdf,1,2017,,Broome Townsite Coastal Hazard Risk Management and Adaptation Plan,Shire of Broome,WA,Broome,,241,
https://www.chapmanvalley.wa.gov.au/profiles/chapmanvalley/assets/clientdata/document-centre/planning/shire-of-chapman-valley-coastal-management-strategy-action-plan.pdf,1,2016,,COASTAL MANAGEMENT STRATEGY AND ACTION PLAN,Shire of Chapman Valley,WA,Chapman,,242,
https://www.sdwk.wa.gov.au/Profiles/sdwk/Assets/ClientData/Documents/Derby_Townsite/Derby_Townsite_Coastal_Hazard_Risk_Management_and_Adaptation_Plan__CHRMAP_.pdf,1,2017,,DERBY COASTAL HARZARD RISK MANAGEMENT AND ADAPTATION PLAN,Shire of Derby-West Kimberley,WA,Derby,,243,
https://www.northampton.wa.gov.au/Profiles/northampton/Assets/ClientData/Documents/Final_Horrocks_Coastal_Hazard_Risk_Management_and_Adaptation_Plan.pdf,1,2020,,"Shire of Northampton
Horrocks Beach CHRMAP",Shire of Northam,WA,Northam,,244,
https://www.cottesloe.wa.gov.au/profiles/cottesloe/assets/clientdata/documents/pagecontent/environment_sustainability/climate_change/laap__2011.pdf,1,2011,2016,Local Climate Change Adaptation Action Plan,Town of Cottesloe,WA,Cottesloe,,245,
https://www.cottesloe.wa.gov.au/Profiles/cottesloe/Assets/ClientData/Documents/PageContent/Environment_Sustainability/Climate_Change/Town_of_Cottesloe_GHG_Reduction_PlanFINAL_Low_Res.pdf,1,2012,,Greenhouse Gas Reduction Plan ,Town of Cottesloe,WA,Cottesloe,,246,
https://www.eastfremantle.wa.gov.au/Profiles/eastfremantle/Assets/ClientData/Strategic_Objective_1__1_.pdf,1,,,Climate Emergency Strategy Strategic Objectives,Town of East Fremantle,WA,EastFremantle,,247,19/11/19
https://www.eastfremantle.wa.gov.au/Profiles/eastfremantle/Assets/ClientData/Climate_Emergency_Strategy_2022-2032_.pdf,1,2022,2032,"CLIMATE EMERGENCY
STRATEGY
2022-2032",Town of East Fremantle,WA,EastFremantle,,248,19/11/19
https://www.mosmanpark.wa.gov.au/wp-content/uploads/2021/02/Climate-Change.pdf,1,2011,,CLIMATE CHANGE,Town of Mosman Park,WA,MosmanPark,,249,
https://www.fremantle.wa.gov.au/sites/default/files/Port%20Leighton%20and%20Mosman%20Beaches%20Coastal%20Adaption%20Plan.pdf,1,2017,,"Our Coastal Future Port, Leighton and Mosman Beaches Coastal Adaptation Plan","Town of Mosman Park, City of Fremantle",WA,MosmanPark,,250,
https://www.victoriapark.wa.gov.au/files/assets/public/document-resources/operations/environment/climate-emergency-plan-final_covers.pdf,1,2021,,"Climate
Emergency
Plan",Town of Victoria Park,WA,VictoriaPark,,251,14/08/18
https://www.bathurst.nsw.gov.au/images/stories/council/public_docs/REAP_Final_version_June_2020.pdf,1,2020,,"BATHURST REGIONAL COUNCIL 
RENEWABLE ENERGY ACTION PLAN",Bathurst Regional Council,NSW,Bathurst ,,252,
https://www.byron.nsw.gov.au/files/assets/public/hptrim/environmental-management-planning-plan-development-climate-change/final_adopted_bscclimatechangeadaptationplan_digital.pdf,1,,,Climate Change Adaptation Plan,Byron Shire Council,NSW,Byron ,,253,18/10/18
https://www.byron.nsw.gov.au/files/assets/public/hptrim/environmental-management-planning-plan-development-emissions-reduction-strategy/net-zero-emissions-action-plan-for-council-operations-2025.pdf,1,2025,,Net Zero Emissions Action Plan For Council Operations 2025,Byron Shire Council,NSW,Byron ,,254,18/10/18
https://www.byron.nsw.gov.au/files/assets/public/hptrim/environmental-management-planning-plan-development-emissions-reduction-strategy/final_net-zero-emissions-strategy-for-council-operations-2025.pdf,1,2025,,Net Zero Emissions Action Plan For Council Operations 2025,Byron Shire Council,NSW,Byron ,,255,18/10/18
https://www.byron.nsw.gov.au/files/assets/public/hptrim/environmental-management-programs-programs-administration-emissions-inventory/2019-20-annual-inventory-of-councils-emissions-profile-and-progress-update.pdf.pdf,1,2019,2020,"2019/20 Annual inventory of Council’s 
emissions profile and progress update ",Byron Shire Council,NSW,Byron ,,256,18/10/18
https://www.byron.nsw.gov.au/files/assets/public/hptrim/corporate-management-policies-current/policy-climate-change-strategic-planning-adopted-26-june-2014-effective-21-july-2014-in-conjunction-with-dcp-2014-current_policies.pdf,1,2009,,POLICY NO 14/006 CLIMATE CHANGE STRATEGIC PLANNING,Byron Shire Council,NSW,Byron ,,257,18/10/18
https://canadabay.t1cloud.com/T1Default/CiAnywhere/Web/CANADABAY/API/CMIS/PUB/content/?streamId=streampdf-226188318,1,2020,2030,Emissions reduction action plan,City of Canada Bay Council,NSW,CanadaBay,,258,17/09/19
https://canadabay.t1cloud.com/T1Default/CiAnywhere/Web/CANADABAY/API/CMIS/PUB/content/?id=folder-6652122&streamId=streampdf-6652122,1,2020,2030,Emissions reduction action plan,City of Canada Bay Council,NSW,CanadaBay,deleted,259,
https://canadabay.t1cloud.com/T1Default/CiAnywhere/Web/CANADABAY/Api/CMIS/PUB/content/?streamId=streampdf-216960174,1,,,Emissions reduction action plan,City of Canada Bay Council,NSW,CanadaBay,duplicate,260,
https://www.georgesriver.nsw.gov.au/StGeorge/media/Documents/Council/Plans%20and%20Documents/Environmental-Resilience-Action-Plan-2022-2040.pdf,1,2022,2040,Georges River Council’s Environmental Resilience Action Plan 2022-2040,Georges River Council,NSW,Georges ,,261,27/09/21
https://www.georgesriver.nsw.gov.au/StGeorge/media/Documents/Council/Publications/2050-Vision-REVISED-v9_WEB.pdf,1,,2050,LEADING FOR CHANGE,Georges River Council,NSW,Georges ,,262,27/09/21
http://www.georgesriver.nsw.gov.au/getattachment/Council/About-Your-Council/Major-Projects/Future-cities/Georges-River-2050-Leading-for-Change/2050-2020-update.pdf.aspx?lang=en-AU,1,2020,2050,2020 Update LEADING FOR CHANGE,Georges River Council,NSW,Georges ,,263,27/09/21
https://www.kiama.nsw.gov.au/files/sharedassets/public/news/kmc-corporate-emissions-reduction-plan-web.pdf,1,2021,2031,Corporate Emissions Reduction Plan,The Council of the Municipality of Kiama,NSW,Kiama,,264,17/12/19
https://www.kiama.nsw.gov.au/files/sharedassets/public/climate-change-risk-assessment-july-2009-final.pdf,1,2009,,Final KIAMA MUNICIPAL COUNCIL Climate Change Risk Assessment,The Council of the Municipality of Kiama,NSW,Kiama,,265,17/12/19
https://www.kiama.nsw.gov.au/files/sharedassets/public/climate-change-adaptation-strategy-and-action-plan-july-2009-final.pdf,1,2009,,Climate Change Adaptation Strategy and Action Plan Kiama Municipal Council,The Council of the Municipality of Kiama,NSW,Kiama,,266,17/12/19
https://www.midcoast.nsw.gov.au/files/assets/public/document-resources/council/plans-amp-publications/climate-action-strategy-final-report-v8.pdf,1,2021,,CLIMATE CHANGE STRATEGY PHASE 1 FINAL,Mid-Coast Council,NSW,Midcoast ,,267,23/10/19
https://www.pmhc.nsw.gov.au/files/assets/public/document-files/your-council/publications/policies/climate-change-response-policy.pdf,1,2021,2023,Council Policy CLIMATE CHANGE RESPONSE POLICY,Port Macquarie-Hastings Council,NSW,PortMacquarie,,268,
https://www.wsc.nsw.gov.au/files/assets/public/environment/energy-in-your-home-or-business/climate-change-adaptation-plan-summary.pdf,1,2019,,Climate Change Adaptation Plan Executive Su,Wingecarribee Shire Council,NSW,Wingecarribee ,,269,
https://www.midcoast.nsw.gov.au/files/assets/public/document-resources/policies-amp-related-documents/climate-change-policy.pdf,1,2021,,Climate Change Policy,Mid-Coast Council,NSW,Midcoast ,,270,23/10/19
https://www.midcoast.nsw.gov.au/files/assets/public/document-resources/plan-amp-build/future-planning/gloucester-region/gsc-gloucester_climate-change-risk-assessment-adaptation-plan-final.pdf,1,2010,,Climate Change Risk Assessment and Adaptation Plan,Gloucester Shire,NSW,Gloucester ,deleted,271,
https://www.fnqroc.qld.gov.au/files/media/original/005/2b2/ed7/af5/Rivers-to-Reef-Climate-Resilient-Alliance---Action-Plan.pdf,1,2021,2026,Climate Resilience Alliance Action Plan,multiple,QLD,,multiple LGAs,272,
https://www.moretonbay.qld.gov.au/files/assets/public/services/policies/climate-change-policy.pdf,1,2020,,Climate Change,Moreton Bay Regional Council,QLD,Moreton ,,273,
https://d1j8a4bqwzee3.cloudfront.net/~/media/Corporate/Documents/Environment/Climate change and sustainability/SCC and Climate Change Fact Sheet_All Content Dec 2021.pdf?la=en,1,2022,,Sunshine Coast Council and cliamte change,Sunshine Coast Council,QLD,Sunshine ,,274,10/11/21
https://websync.msc.qld.gov.au/corporate_documents/files/606/Climate%20Change%20Resilience%20Policy.pdf,1,2021,2024,Climate Change resilience policy,Mareeba Shire Council,QLD,Mareeba ,,275,
https://www.sdrc.qld.gov.au/ArticleDocuments/586/Climate Change Adaptation Action Plan.pdf.aspx,1,2010,,"Climate Change Adaptation Action Plan for Council 
Operations
",Southern Downs Regional Council ,QLD,Southern ,,276,
https://www.moretonbay.qld.gov.au/files/assets/public/services/building-development/mbrc-plan/background-studies/climatechangeroadmap2013-2016.pdf,1,2013,2016,Roadmap for changing climate,Moreton Bay Regional Council,QLD,Moreton ,deleted,277,
https://www.portaugusta.sa.gov.au/__data/assets/pdf_file/0024/265173/AR11-23943-Climate-Change-Adaptation-Report-June-2011-Final-Version.pdf,1,2011,,Climate Change Adaptation Report,Port August City Council,SA,PortAugust,,278,
https://cdn.environment.sa.gov.au/environment/docs/yorke-far-north-regional-climate-change-action-plan.pdf,1,,,YORKE AND MID NORTH ,Yorke and Mid North Council,SA,Yorke ,,279,
https://cdn.environment.sa.gov.au/environment/docs/northern-adelaide-climate-change-adaption-plan-gen.pdf,1,2015,,REGIONAL CLIMATE CHANGE ACTION PLAN,City of Salisbury and City of Playford,SA,,multiple LGAs,280,
https://cdn.environment.sa.gov.au/environment/docs/adaptwest-regional-adaptation-plan-11-october-2016.pdf,1,2016,,Climate Change Adaptation Plan,"City of Charles Sturt, City of West Torrens, and City of Port Adelaide Enfield ",SA,,multiple LGAs,281,
https://cdn.environment.sa.gov.au/environment/docs/resilient-south-climate-change-adaptation-plan.pdf,1,2014,,Regional Climate Change Adaptation Plan,"City of Onkaparinga, City of Holdfast Bay, City of Marion, City of Mitcham",SA,,multiple LGAs,282,
https://www.victor.sa.gov.au/__data/assets/pdf_file/0032/288239/RH-and-C-Climate-Change-Adaption-Plan-Low-res.pdf,1,2016,,Climate Change Adaptation Plan,"Adelaide Hills Council, District Council of Yankalilla,Kangaroo Island Council",SA,,multiple LGAs,283,
https://www.victor.sa.gov.au/__data/assets/pdf_file/0034/1069279/Climate-Agenda-2030_FINAL.pdf,1,,,Climate Change 2030,City of Victor Harbor,SA,VictorHarbor,,284,16/12/19
https://cdn.environment.sa.gov.au/environment/docs/barossa-climate-change-adaptation-plan.pdf,1,2012,,Adapting to change – forming new habits,"The Barossa Council, Light Regional Council, the District Council of Mallala",SA,,multiple LGAs,285,
https://www.victor.sa.gov.au/__data/assets/pdf_file/0027/1084833/Cell_11_victor_harbor.pdf,1,2014,,Coastal Adaptation Study & Coastal Adaptation Strategy,City of Victor Harbor,SA,VictorHarbor,,286,16/12/19
https://morelandzerocarbon.org.au/wp-content/uploads/2022/02/Moreland-Zero-Carbon-2040-Framework-Revised-February-2022.pdf,,2022,,Zero Carbon 2040 Framework,Merri-bek (Moreland),VIC,Merribek ,,287,12/09/18
Attachment A for Climate Action Plan 2022-2025.pdf,1,2022,2025,Climate Action Plan 2022-2025,City of Adelaide,SA,Adelaide,,288,
,1,2017,2022,Darebin Climate Emergency Plan,City of Darebin,VIC,Darebin,,289,
